{
  "binance": {
    "USDC": 16.02548222,
    "BTC": 0.00118008,
    "ETH": 0.01106676
  },
  "kucoin": {
    "USDC": 37.22,
    "BTC": 0.00027,
    "ETH": 0.0083
  },
  "kraken": {
    "USDC": 23.57209221,
    "BTC": 0.00021284,
    "ETH": 0.0128216934
  }
}